<?xml version="1.0" encoding="UTF-8"?>
<ruleset xmlns="http://pmd.sf.net/ruleset/1.0.0" name="PmdRuleSet_Final" xmlns:xsi="http://www.w3.org/2001/XMLSchema-instance" xsi:noNamespaceSchemaLocation="http://pmd.sf.net/ruleset_xml_schema.xsd" xsi:schemaLocation="http://pmd.sf.net/ruleset/1.0.0 http://pmd.sf.net/ruleset_xml_schema.xsd">
<description>PMD Plugin preferences rule set</description>

<rule ref="rulesets/typeresolution.xml/UnusedImports">
<priority>1</priority>
</rule>

<rule ref="rulesets/logging-java.xml/SystemPrintln"/>
<rule ref="rulesets/logging-java.xml/AvoidPrintStackTrace">
<priority>2</priority>
</rule>
<rule ref="rulesets/naming.xml/VariableNamingConventions"><priority>1</priority></rule>
<rule ref="rulesets/naming.xml/MethodNamingConventions"/>
<rule ref="rulesets/naming.xml/ClassNamingConventions"/>

<rule ref="rulesets/naming.xml/PackageCase">
<priority>1</priority>
</rule>

</ruleset>
